Entity,Year,Retail,Out-of-home,Households,Total per capita food waste,Retail %,Out-of-home %,Households %
Afghanistan,2019,15.75,27.85,82.32,125.92,12.507941550190596,22.117217280813215,65.37484116899618
Afghanistan,2022,9.68,32.49,127.15,169.32,5.716985589416489,19.18851878100638,75.09449562957714
Africa (UN),2019,15.43,27.34,110.03,152.8,10.098167539267015,17.89267015706806,72.00916230366492
Africa (UN),2022,10.05,31.11,99.49,140.64999999999998,7.1453963739779605,22.118734447209388,70.73586917881266
Algeria,2019,15.77,27.87,91.76,135.4,11.646971935007384,20.583456425406204,67.76957163958642
Algeria,2022,9.68,31.14,112.64,153.46,6.30783265997654,20.291932751205525,73.40023458881792
American Samoa,2019,18.28,32.31,88.48,139.07,13.14445962464946,23.23290429280219,63.62263608254837
American Samoa,2022,11.88,18.6,73.6,104.08,11.414296694850117,17.87086856264412,70.71483474250576
Andorra,2019,12.94,25.82,85.11,123.87,10.446435779446194,20.84443368047146,68.70913054008234
Andorra,2022,10.79,19.52,82.66,112.97,9.5512082853855,17.278923608037534,73.16986810657696
Angola,2019,15.38,27.2,97.97,140.55,10.942725008893632,19.35254357879758,69.70473141230879
Angola,2022,9.68,31.14,89.13,129.95,7.449018853405157,23.9630627164294,68.58791843016544
Anguilla,2022,18.16,28.78,119.3,166.24,10.923965351299325,17.312319538017324,71.76371511068335
Antigua and Barbuda,2019,13.5,26.95,77.92,118.37,11.404916786347892,22.767593140153753,65.82749007349835
Antigua and Barbuda,2022,14.45,40.79,84.49,139.73,10.341372647248265,29.192013168253062,60.46661418449868
Argentina,2019,2.76,27.67,72.49,102.92,2.6816945200155455,26.88495919160513,70.43334628837931
Argentina,2021,1.45,27.388055555555557,83.11259259259259,111.95064814814816,1.2952135820430133,24.464401062968385,74.24038535498859
Argentina,2022,2.76,47.55,91.34,141.65,1.948464525238263,33.56865513589834,64.4828803388634
Argentina,2017,14.727992565055764,27.388055555555557,0.22,42.33604812061132,34.788302684976955,64.69204560031116,0.519651714711872
Armenia,2019,16.4,28.99,97.57,142.95999999999998,11.471740346950195,20.27839955232233,68.24986010072747
Armenia,2022,31.46,29.4,101.86,162.72,19.333824975417897,18.067846607669615,62.59832841691249
Aruba,2019,12.79,25.54,73.82,112.15,11.40436914846188,22.77307177886759,65.82255907267051
Aruba,2022,15.56,43.91,90.96,150.43,10.343681446519975,29.189656318553475,60.46666223492654
Asia (UN),2019,15.85,32.06,65.68,113.59,13.953693106787568,28.224315520732464,57.82199137247998
Asia (UN),2022,19.65,36.54,73.22,129.41,15.184297967699559,28.235839579630635,56.57986245266981
Australia,2019,9.4,21.55,101.08,132.03,7.119594031659473,16.32204801938953,76.558357948951
Australia,2022,20.9,58.24,97.76,176.9,11.814584511023176,32.922555115884684,55.262860373092145
Australia and New Zealand (UN SDG),2019,8.44,22.06,95.21,125.71,6.713865245406094,17.54832551109697,75.73780924349694
Australia and New Zealand (UN SDG),2022,17.96,55.14,91.69,164.79,10.89871958249894,33.460768250500635,55.64051216700042
Austria,2019,8.7,28.63,39.33,76.66,11.348812940255675,37.346725802243675,51.304461257500655
Austria,2020,9.47,22.67,82.81,114.95,8.23836450630709,19.721618094823835,72.04001739886907
Austria,2021,9.45,20.0,83.11,112.56,8.395522388059701,17.768301350390903,73.8361762615494
Austria,2022,9.0,23.0,83.0,115.0,7.82608695652174,20.0,72.17391304347827
Azerbaijan,2019,15.36,27.15,91.36,133.87,11.473817883020839,20.280869500261446,68.24531261671771
Azerbaijan,2022,31.47,29.41,101.9,162.78,19.332841872465902,18.067330138837693,62.5998279886964
Bahamas,2019,12.33,24.62,71.17,108.12,11.403995560488346,22.770995190529042,65.82500924898261
Bahamas,2022,15.06,42.49,88.03,145.58,10.344827586206897,29.18670146998214,60.468470943810956
Bahrain,2019,14.07,28.09,144.67,186.83,7.530910453353315,15.035058609431031,77.43403093721564
Bahrain,2022,27.48,24.31,131.51,183.3,14.991816693944351,13.26241134751773,71.7457719585379
Bangladesh,2019,15.41,3.29,64.15,82.85000000000001,18.599879299939648,3.9710319855159923,77.42908871454436
Bangladesh,2022,9.68,32.49,82.38,124.55,7.771979124849458,26.085909273384182,66.14211160176635
Barbados,2019,13.12,26.19,75.72,115.03,11.405720246892114,22.767973572111625,65.82630618099627
Barbados,2022,14.97,42.24,87.51,144.72,10.344112769485903,29.187396351575458,60.46849087893864
Belarus,2019,15.28,27.01,66.81,109.1,14.005499541704857,24.75710357470211,61.23739688359304
Belarus,2022,13.59,17.23,70.7,101.52,13.386524822695037,16.97202521670607,69.6414499605989
Belgium,2019,9.74,19.75,50.04,79.53,12.246950836162455,24.833396202690807,62.91965296114673
Belgium,2020,6.37,7.64,70.85,84.86,7.50648126325713,9.00306386990337,83.49045486683949
Belgium,2021,5.99,8.3,69.92,84.21000000000001,7.113169457309108,9.856311601947512,83.03051894074336
Belgium,2022,6.0,8.0,71.02,85.02,7.057163020465773,9.409550693954365,83.53328628557986
Belize,2019,15.69,27.74,52.85,96.28,16.29621936019942,28.8117989198172,54.891981719983384
Belize,2022,19.23,48.1,53.29,120.62,15.942629746310727,39.87730061349693,44.180069640192336
Benin,2019,15.02,26.55,95.63,137.2,10.947521865889213,19.35131195335277,69.70116618075802
Benin,2022,9.68,31.13,89.11,129.92000000000002,7.450738916256157,23.960899014778324,68.58836206896551
Bermuda,2019,12.55,25.04,72.17,109.76,11.434037900874635,22.8134110787172,65.75255102040816
Bermuda,2022,15.89,45.48,73.51,134.88,11.780842230130487,33.718861209964416,54.5002965599051
Bhutan,2019,15.55,27.49,78.18,121.22,12.827916185447947,22.677775944563603,64.49430786998846
Bhutan,2022,9.65,32.38,19.26,61.290000000000006,15.744819709577417,52.8308043726546,31.42437591776799
Bolivia,2019,15.29,27.03,78.29,120.61,12.677224110770249,22.411077025122296,64.91169886410746
Bolivia,2022,13.32,47.75,90.12,151.19,8.810106488524374,31.582776638666576,59.60711687280905
Bonaire Sint Eustatius and Saba,2022,15.98,25.33,104.99,146.3,10.922761449077239,17.31373889268626,71.7634996582365
Bosnia and Herzegovina,2019,15.36,27.16,81.31,123.83,12.404102398449487,21.933295647258337,65.66260195429217
Bosnia and Herzegovina,2022,14.7,24.51,85.7,124.91,11.76847330077656,19.622127932111123,68.60939876711232
Botswana,2019,14.41,25.48,84.73,124.62,11.563151982025357,20.446156315198202,67.99069170277645
Botswana,2022,15.36,30.92,50.41,96.69,15.88582066397766,31.9784879511842,52.13569138483815
Brazil,2019,15.59,27.55,59.39,102.53,15.205305764166585,26.870184336291818,57.9245098995416
Brazil,2022,2.67,47.55,94.23,144.45,1.8483904465212877,32.91796469366563,65.23364485981308
British Virgin Islands,2019,12.56,25.06,72.45,110.07,11.410920323430545,22.76732988098483,65.82174979558464
British Virgin Islands,2022,14.43,40.72,84.35,139.5,10.344086021505376,29.189964157706093,60.46594982078852
Brunei,2019,12.67,25.29,79.31,117.27,10.804127227764987,21.565617805065234,67.63025496716978
Brunei,2022,46.09,35.14,75.97,157.2,29.319338422391862,22.353689567430028,48.32697201017812
Bulgaria,2019,15.52,27.44,67.87,110.83,14.003428674546603,24.758639357574665,61.23793196787874
Bulgaria,2020,6.68,17.46,54.88,79.02000000000001,8.453556061756515,22.095671981776764,69.45077195646672
Bulgaria,2021,5.98,16.99,52.58,75.55,7.915287888815355,22.488418266048974,69.59629384513568
Bulgaria,2022,2.0,2.0,25.99,29.99,6.668889629876626,6.668889629876626,86.66222074024675
Burkina Faso,2019,15.17,26.82,99.61,141.6,10.713276836158192,18.940677966101696,70.34604519774011
Burkina Faso,2022,9.68,31.13,91.98,132.79000000000002,7.289705550116725,23.443030348670828,69.26726410121243
Burundi,2019,15.19,26.85,99.72,141.76,10.715293453724605,18.940462753950342,70.34424379232506
Burundi,2022,9.68,31.14,92.0,132.82,7.288059027254931,23.445264267429604,69.26667670531546
Cambodia,2019,15.91,28.12,87.82,131.85,12.066742510428517,21.32726583238529,66.6059916571862
Cambodia,2022,44.25,40.34,84.68,169.27,26.141667158976784,23.831748094759853,50.02658474626337
Cameroon,2019,15.7,27.75,99.95,143.4,10.948396094839609,19.351464435146443,69.70013947001394
Cameroon,2022,9.68,31.13,89.11,129.92000000000002,7.450738916256157,23.960899014778324,68.58836206896551
Canada,2019,12.77,25.49,78.31,116.57,10.954791112636185,21.866689542764004,67.17851934459982
Canada,2022,29.83,79.7,78.53,188.06,15.861958949271507,42.38009146017229,41.7579495905562
Cape Verde,2019,14.9,26.35,94.91,136.16,10.943008225616921,19.35223266745006,69.70475910693303
Cape Verde,2022,9.63,30.97,88.65,129.25,7.450676982591877,23.961315280464216,68.58800773694391
Cayman Islands,2019,12.57,25.09,72.54,110.2,11.406533575317605,22.76769509981851,65.8257713248639
Cayman Islands,2022,15.34,43.29,89.68,148.31,10.34320005394107,29.188861169172675,60.46793877688626
Central African Republic,2019,14.25,25.18,93.54,132.97,10.716703015717831,18.936602241107018,70.34669474317515
Central African Republic,2022,9.68,31.14,92.01,132.83,7.287510351577203,23.44349920951592,69.26899043890687
Central and Southern Asia (UN SDG),2019,15.64,25.28,57.56,98.48,15.881397238017872,25.670186839967506,58.44841592201462
Central and Southern Asia (UN SDG),2022,9.82,32.43,70.88,113.13,8.680279324670733,28.666136303367807,62.65358437196146
Chad,2019,15.47,27.34,101.55,144.36,10.71626489332225,18.938764200609583,70.34497090606816
Chad,2022,9.68,31.13,91.98,132.79000000000002,7.289705550116725,23.443030348670828,69.26726410121243
Chile,2019,12.75,25.45,73.58,111.78,11.406333870101985,22.76793701914475,65.82572911075326
Chile,2022,15.06,42.48,88.0,145.54,10.347670743438231,29.18785213686959,60.464477119692184
China,2019,15.77,45.98,64.45,126.2,12.496038034865292,36.43423137876386,51.069730586370845
China,2022,19.8,45.64,76.21,141.64999999999998,13.978115072361458,32.22026120720085,53.80162372043771
Colombia,2019,15.69,27.73,70.65,114.07,13.754712018935741,24.30963443499606,61.93565354606822
Colombia,2022,19.0,47.54,70.43,136.97,13.871650726436446,34.70833029130467,51.420018982258895
Comoros,2019,16.82,29.74,107.13,153.69,10.944108269893944,19.350640900514023,69.70525082959203
Comoros,2022,9.72,31.26,89.47,130.45,7.45113070141817,23.963204292832508,68.58566500574933
Congo,2019,15.11,26.7,96.19,138.0,10.94927536231884,19.34782608695652,69.70289855072464
Congo,2022,9.68,31.14,89.12,129.94,7.449592119439741,23.964906880098507,68.58550100046176
Cook Islands,2022,16.93,26.83,101.34,145.1,11.667815299793247,18.490696071674705,69.84148862853206
Costa Rica,2019,15.53,27.45,71.91,114.89,13.517277395769867,23.89241883540778,62.59030376882235
Costa Rica,2022,19.0,47.54,91.32,157.86,12.035981249208158,30.115292030913466,57.848726719878364
Cote d'Ivoire,2019,15.38,27.19,97.95,140.52,10.94506120125249,19.34955878166809,69.70538001707942
Cote d'Ivoire,2022,9.68,31.14,89.12,129.94,7.449592119439741,23.964906880098507,68.58550100046176
Croatia,2019,12.81,25.57,84.28,122.66,10.443502364258928,20.846241643567588,68.71025599217349
Croatia,2020,1.02,3.68,52.81,57.510000000000005,1.7736045905059987,6.398887150060858,91.82750825943313
Croatia,2021,1.01,3.64,52.31,56.96,1.7731741573033706,6.390449438202247,91.83637640449437
Croatia,2022,1.0,4.0,53.0,58.0,1.7241379310344827,6.896551724137931,91.37931034482759
Cuba,2019,15.66,27.69,72.54,115.89,13.51281387522651,23.893347139528863,62.59383898524463
Cuba,2022,19.0,47.54,91.32,157.86,12.035981249208158,30.115292030913466,57.848726719878364
Curacao,2019,10.84,21.64,62.55,95.03,11.40692412922235,22.771756287488163,65.82131958328948
Curacao,2022,14.97,42.23,87.49,144.69,10.346257516068839,29.186536733706543,60.467205750224615
Cyprus,2019,12.5,24.94,92.21,129.64999999999998,9.641342074816816,19.23640570767451,71.12225221750869
Cyprus,2020,40.62,21.93,51.18,113.73,35.71616987602215,19.282511210762333,45.00131891321551
Cyprus,2022,55.93,29.96,70.92,156.81,35.66736815254129,19.10592436706843,45.22670748039028
Czechia,2020,6.11,3.6,70.53,80.24000000000001,7.614656031904286,4.48654037886341,87.8988035892323
Czechia,2022,6.0,4.0,68.97,78.97,7.597821957705459,5.065214638470305,87.33696340382424
Czechia,2019,14.727992565055764,25.94,70.88,111.54799256505576,13.203278899408494,23.25456460802875,63.542156492562754
Democratic Republic of Congo,2019,15.1,26.69,99.13,140.92,10.715299460686916,18.939824013624754,70.34487652568833
Democratic Republic of Congo,2022,9.68,31.14,62.09,102.91,9.406277329705567,30.259450004858618,60.334272665435826
Denmark,2019,29.68,20.56,81.0,131.24,22.615056385248398,15.665955501371531,61.71898811338006
Denmark,2020,17.08,10.74,79.2,107.02,15.959633713324612,10.035507381797796,74.00485890487761
Denmark,2021,17.05,12.31,86.6,115.96,14.70334598137289,10.615729561917904,74.6809244567092
Denmark,2022,16.99,11.0,78.97,106.96,15.88444278234854,10.284218399401645,73.83133881824982
Developing regions,2019,14.727992565055764,30.97,83.11259259259259,128.81058515764835,11.433837170315241,24.043055127881395,64.52310770180337
Djibouti,2019,14.18,25.06,90.28,129.51999999999998,10.948116121062386,19.348363187152565,69.70352069178506
Djibouti,2022,9.67,31.11,89.06,129.84,7.447627849661122,23.960258780036966,68.59211337030192
Dominica,2019,15.72,27.79,72.81,116.32,13.514442916093536,23.89099037138927,62.5945667125172
Dominica,2022,18.29,45.76,87.9,151.95,12.036854228364593,30.115169463639358,57.84797630799606
Dominican Republic,2019,15.43,27.29,71.48,114.2,13.51138353765324,23.896672504378284,62.591943957968475
Dominican Republic,2022,19.01,47.55,160.26,226.82,8.381095141521913,20.963759809540605,70.65514504893748
East Timor,2019,15.79,27.92,87.19,130.9,12.062643239113827,21.3292589763178,66.60809778456837
East Timor,2022,44.2,40.29,77.85,162.34,27.226807933965752,24.81828261673032,47.954909449303926
Eastern and South-Eastern Asia (UN SDG),2019,15.89,38.65,68.41,122.95,12.923952826352176,31.435542903619357,55.640504270028465
Eastern and South-Eastern Asia (UN SDG),2022,27.22,41.21,70.18,138.61,19.63783276819854,29.73089964649015,50.6312675853113
Ecuador,2019,15.67,27.7,72.56,115.93,13.516777365651686,23.89372897438109,62.58949365996722
Ecuador,2022,19.0,47.54,95.97,162.51,11.691588209956311,29.253584394806474,59.05482739523722
Egypt,2019,14.87,26.28,86.51,127.66,11.648127839573867,20.585931380228732,67.76594078019741
Egypt,2022,9.68,31.14,162.95,203.77,4.750453943171222,15.281935515532217,79.96761054129655
El Salvador,2019,16.07,28.41,82.29,126.77,12.676500749388659,22.410664983828983,64.91283426678237
El Salvador,2022,19.02,47.57,91.39,157.98000000000002,12.03949867071781,30.1114065071528,57.84909482212937
Equatorial Guinea,2019,13.66,24.14,80.28,118.08,11.568428184281842,20.443766937669377,67.98780487804879
Equatorial Guinea,2022,15.32,30.83,90.05,136.2,11.248164464023496,22.63582966226138,66.11600587371514
Eritrea,2019,15.63,27.63,102.64,145.9,10.712816997943797,18.937628512679915,70.34955448937629
Eritrea,2022,9.67,31.1,91.9,132.67000000000002,7.2887615889048005,23.441622069797237,69.26961634129796
Estonia,2019,4.7,16.59,77.42,98.71,4.76142234829298,16.806807820889475,78.43176983081756
Estonia,2020,15.03,8.08,60.6,83.71000000000001,17.954844104646995,9.652371281806236,72.39278461354677
Estonia,2021,9.87,9.39,63.95,83.21000000000001,11.861555101550291,11.284701358009855,76.85374354043985
Estonia,2022,15.04,8.02,61.18,84.24,17.85375118708452,9.520417853751187,72.62583095916429
Eswatini,2019,15.35,27.14,97.76,140.25,10.944741532976828,19.351158645276293,69.70409982174688
Eswatini,2022,9.66,31.09,89.0,129.75,7.445086705202312,23.96146435452794,68.59344894026975
Ethiopia,2019,15.36,27.15,90.49,133.0,11.548872180451127,20.413533834586463,68.0375939849624
Ethiopia,2022,9.68,31.14,69.24,110.06,8.795202616754496,28.293658004724698,62.9111393785208
Europe (UN),2019,11.97,24.51,66.11,102.59,11.667803879520422,23.891217467589435,64.44097865289015
Europe (UN),2022,9.5,13.5,66.22,89.22,10.647836807890608,15.131136516476126,74.22102667563325
Europe and Northern America (UN SDG),2019,13.09,35.94,64.38,113.41,11.54219204655674,31.69032713164624,56.76748082179702
Europe and Northern America (UN SDG),2022,10.91,33.96,68.71,113.58,9.605564359922521,29.89963021658743,60.49480542349005
Falkland Islands,2022,0.0,0.0,0.0,0.0,,,
Faroe Islands,2019,12.07,24.1,71.79,107.96,11.180066691367173,22.323082623193777,66.49685068543906
Faroe Islands,2022,11.19,16.66,70.98,98.83,11.322472933319842,16.85722958615805,71.82029748052211
Fiji,2019,15.16,26.79,73.37,115.32,13.14602844259452,23.23100936524454,63.62296219216095
Fiji,2022,21.05,30.71,90.29,142.05,14.818725800774374,21.619148187258006,63.562126011967614
Finland,2019,12.84,23.35,65.55,101.74,12.620404953803815,22.95065854137999,64.4289365048162
Finland,2020,10.41,14.09,53.44,77.94,13.356428021555041,18.078008724659995,68.56556325378497
Finland,2021,10.38,14.63,62.67,87.68,11.838503649635037,16.685675182481752,71.47582116788321
Finland,2022,10.0,14.0,52.99,76.99000000000001,12.9886998311469,18.18417976360566,68.82712040524743
France,2019,25.89,24.76,85.75,136.4,18.980938416422287,18.1524926686217,62.86656891495601
France,2020,9.97,17.0,62.41,89.38,11.154620720519134,19.019914969791902,69.82546430968897
France,2021,9.81,16.8,63.27,89.88,10.914552736982644,18.691588785046733,70.39385847797064
France,2022,12.0,16.0,61.0,89.0,13.48314606741573,17.97752808988764,68.53932584269663
French Guiana,2022,14.18,22.48,93.17,129.82999999999998,10.921974890241087,17.314950319648776,71.76307479011015
French Polynesia,2019,11.94,23.83,73.33,109.1,10.944087992667278,21.842346471127406,67.21356553620532
French Polynesia,2022,13.31,20.84,82.45,116.6,11.415094339622643,17.873070325900514,70.71183533447685
Gabon,2019,15.15,26.78,89.06,130.99,11.565768379265592,20.444308725856935,67.98992289487747
Gabon,2022,15.37,30.93,90.35,136.64999999999998,11.247713135748263,22.634467618002198,66.11781924624955
Gambia,2019,14.64,25.87,96.1,136.61,10.716638606251372,18.937120269379985,70.34624112436862
Gambia,2022,9.69,31.18,92.13,133.0,7.285714285714286,23.44360902255639,69.27067669172932
Georgia,2019,16.58,29.31,107.03,152.92000000000002,10.842270468218675,19.166884645566306,69.99084488621502
Georgia,2022,31.43,29.37,100.86,161.66,19.44203884696276,18.16775949523692,62.390201657800326
Germany,2019,5.99,20.67,75.33,101.99,5.873124816158447,20.266692813020885,73.86018237082067
Germany,2020,9.15,22.33,77.96,109.44,8.360745614035087,20.403874269005847,71.23538011695906
Germany,2022,9.0,22.0,78.0,109.0,8.256880733944955,20.18348623853211,71.55963302752293
Ghana,2019,15.09,26.68,81.06,122.83,12.285272327607261,21.721077912562077,65.99364975983066
Ghana,2022,9.68,31.14,84.02,124.84,7.7539250240307585,24.94392822813201,67.30214674783723
Gibraltar,2019,13.21,26.36,86.89,126.46,10.445990827139017,20.844535821603667,68.70947335125732
Gibraltar,2022,9.9,17.9,75.79,103.59,9.556907037358817,17.279660198860892,73.16343276378029
Greece,2019,7.31,25.33,140.34,172.98000000000002,4.225922071915828,14.643311365475775,81.13076656260839
Greece,2020,14.31,20.93,88.5,123.74,11.564570874414095,16.91449814126394,71.52093098432198
Greece,2022,14.01,21.01,87.04,122.06,11.477961658200885,17.212846141242014,71.3091922005571
Greenland,2019,12.99,25.92,74.7,113.61,11.433852653815684,22.814893055188808,65.7512542909955
Greenland,2022,18.06,51.7,83.55,153.31,11.780053486400103,33.722522992629315,54.49742352097058
Grenada,2019,14.27,25.23,66.1,105.6,13.513257575757576,23.892045454545457,62.59469696969697
Grenada,2022,19.7,49.28,94.66,163.64,12.038621363969689,30.114886335859207,57.846492300171114
Guadeloupe,2022,14.55,23.06,95.6,133.20999999999998,10.922603408152543,17.311012686735232,71.76638390511224
Guam,2019,12.71,25.37,78.07,116.15,10.9427464485579,21.842445114076625,67.21480843736546
Guam,2022,13.01,20.37,59.23,92.61,14.04815894611813,21.99546485260771,63.95637620127415
Guatemala,2019,16.07,28.42,74.44,118.93,13.512150004204154,23.896409652736907,62.591440343058935
Guatemala,2022,19.0,47.54,91.32,157.86,12.035981249208158,30.115292030913466,57.848726719878364
Guinea,2019,15.51,27.42,101.85,144.78,10.712805636137587,18.939079983423127,70.34811438043928
Guinea,2022,9.68,31.14,89.13,129.95,7.449018853405157,23.9630627164294,68.58791843016544
Guinea-Bissau,2019,15.25,26.95,100.11,142.31,10.716042442554985,18.937530742744713,70.34642681470031
Guinea-Bissau,2022,9.7,31.2,92.19,133.09,7.2883011495980154,23.44278307911939,69.2689157712826
Guyana,2019,15.33,27.1,70.99,113.42,13.516134720507846,23.893493211073885,62.59037206841826
Guyana,2022,15.08,42.56,88.16,145.8,10.342935528120712,29.190672153635116,60.46639231824417
Haiti,2019,15.78,27.9,83.95,127.63,12.363864295228394,21.860064248217505,65.7760714565541
Haiti,2022,13.33,47.79,90.19,151.31,8.80972837221598,31.584164959354965,59.60610666842905
Honduras,2019,15.31,27.06,78.37,120.74,12.680139141957927,22.41179393738612,64.90806692065595
Honduras,2022,13.32,47.75,90.12,151.19,8.810106488524374,31.582776638666576,59.60711687280905
Hong Kong,2019,12.71,25.37,70.83,108.91,11.67018639243412,23.29446331833624,65.03535028922964
Hong Kong,2022,13.74,24.71,101.47,139.92000000000002,9.819897084048026,17.660091480846198,72.52001143510577
Hungary,2019,12.7,25.34,92.99,131.03,9.692436846523696,19.339082652827596,70.9684805006487
Hungary,2020,4.3,1.98,65.62,71.9,5.980528511821974,2.7538247566063974,91.26564673157162
Hungary,2021,5.9,1.99,65.36,73.25,8.054607508532424,2.7167235494880546,89.22866894197952
Hungary,2022,4.0,2.0,66.02,72.02,5.554012774229381,2.7770063871146906,91.66898083865593
Iceland,2019,12.04,24.03,71.59,107.66,11.183355006501952,22.320267508824077,66.49637748467397
Iceland,2022,11.79,17.56,74.78,104.13,11.32238547968885,16.863535964659558,71.81407855565159
India,2019,15.45,27.31,49.71,92.47,16.70812155293609,29.533902887422947,53.75797555964097
India,2022,9.68,32.49,55.17,97.34,9.944524347647421,33.37785083213479,56.6776248202178
Indonesia,2019,15.7,27.76,77.67,121.13,12.96128126805911,22.917526624287955,64.12119210765293
Indonesia,2022,49.93,40.11,53.46,143.5,34.79442508710802,27.95121951219512,37.254355400696866
Iran,2019,14.98,26.48,67.98,109.44,13.687865497076023,24.19590643274854,62.11622807017544
Iran,2022,9.68,32.49,92.7,134.87,7.177281826944465,24.089864313783643,68.7328538592719
Iraq,2019,14.79,26.15,113.91,154.85,9.551178559896673,16.887310300290604,73.56151113981272
Iraq,2022,31.47,30.16,143.34,204.97,15.353466360930867,14.714348441235304,69.93218519783383
Ireland,2019,12.78,55.99,54.55,123.32,10.363282517028868,45.40220564385339,44.234511839117744
Ireland,2020,14.59,36.09,48.73,99.41,14.676591892163767,36.30419474901922,49.01921335881702
Ireland,2021,15.04,37.89,44.28,97.21,15.471659294311285,38.977471453554166,45.550869252134554
Ireland,2022,11.99,35.98,47.97,95.94,12.497394204711279,37.502605795288716,50.0
Isle of Man,2019,12.91,25.77,76.79,115.47,11.180393175716636,22.31748506105482,66.50212176322854
Isle of Man,2022,11.24,16.75,71.34,99.33,11.315815966978757,16.86298197926105,71.8212020537602
Israel,2019,50.88,27.16,98.56,176.60000000000002,28.810872027180068,15.379388448471119,55.8097395243488
Israel,2022,50.01,24.16,96.75,170.92000000000002,29.259302597706526,14.13526796161947,56.605429440673994
Italy,2019,3.68,25.92,67.97,97.57,3.7716511222711904,26.56554268730143,69.66280619042739
Italy,2020,5.77,3.26,106.43,115.46,4.997401697557596,2.823488654079335,92.17910964836308
Italy,2021,8.01,4.44,107.0,119.45,6.705734616994557,3.717036416910842,89.57722896609461
Italy,2022,6.0,19.48,107.0,132.48,4.528985507246378,14.704106280193239,80.7669082125604
Jamaica,2019,16.39,28.97,75.9,121.26,13.516411017648029,23.890813128814116,62.59277585353785
Jamaica,2022,19.02,47.59,86.07,152.68,12.457427298925857,31.16976683259104,56.3728058684831
Japan,2008,10.22,23.2,83.7,117.12,8.726092896174864,19.808743169398905,71.46516393442623
Japan,2009,10.52,20.86,80.55,111.93,9.398731349950861,18.636647904940588,71.96462074510855
Japan,2010,9.3,17.89,83.68,110.87,8.388202399206278,16.136015152881754,75.47578244791198
Japan,2011,9.96,14.66,79.21,103.83,9.592603293845709,14.119233362226716,76.28816334392758
Japan,2012,9.57,14.99,69.18,93.74,10.209088969490079,15.991039044164712,73.79987198634522
Japan,2013,9.7,14.76,68.14,92.6,10.475161987041036,15.939524838012959,73.58531317494601
Japan,2014,9.95,15.2,64.51,89.66,11.09747936649565,16.952933303591344,71.94958732991302
Japan,2015,10.02,15.68,65.35,91.05,11.00494233937397,17.221306974190007,71.77375068643602
Japan,2016,10.01,15.7,62.12,87.83,11.397016964590687,17.875441193214165,70.72754184219515
Japan,2017,9.71,16.28,61.85,87.84,11.054189435336976,18.53369763205829,70.41211293260473
Japan,2018,9.69,17.01,60.69,87.39,11.088225197391004,19.464469618949536,69.44730518365945
Japan,2019,9.42,15.1,59.91,84.42999999999999,11.157171621461567,17.884638161790832,70.95819021674761
Japan,2020,8.86,12.02,59.68,80.56,10.998013902681231,14.920556107249256,74.08142999006951
Japan,2022,8.86,12.02,59.68,80.56,10.998013902681231,14.920556107249256,74.08142999006951
Jordan,2019,14.77,26.11,87.85,128.73,11.47362697117999,20.282762370853728,68.24361065796629
Jordan,2022,25.79,29.63,100.73,156.15,16.516170349023373,18.97534422030099,64.50848543067563
Kazakhstan,2019,15.47,27.35,74.89,117.71,13.142468779203128,23.235069237957696,63.622461982839184
Kazakhstan,2022,21.04,30.7,88.1,139.83999999999995,15.04576659038902,21.95366132723113,63.00057208237988
Kenya,2019,11.31,32.13,102.4,145.84,7.755074053757542,22.03099286889742,70.21393307734503
Kenya,2022,10.96,31.14,80.54,122.64,8.93672537508154,25.391389432485322,65.67188519243314
Kiribati,2019,14.8,26.17,86.15,127.12,11.642542479546885,20.586847073631215,67.7706104468219
Kiribati,2022,9.59,30.85,61.39,101.83,9.417656879112247,30.295590690366296,60.28675243052146
Kuwait,2019,12.14,24.22,89.55,125.91,9.64180764037805,19.235962195218807,71.12223016440315
Kuwait,2022,27.52,24.35,98.59,150.46,18.290575568257342,16.183703309849797,65.52572112189287
Kyrgyzstan,2019,15.87,28.05,92.34,136.26,11.646851607221489,20.585645090268606,67.76750330250991
Kyrgyzstan,2022,9.68,31.13,85.71,126.52,7.650964274423017,24.604805564337653,67.74423016123933
Laos,2019,15.55,27.48,85.83,128.86,12.067359925500543,21.32546950178488,66.60717057271457
Laos,2022,44.25,40.34,89.49,174.07999999999998,25.41934742647059,23.173253676470594,51.40739889705882
Latin America and the Caribbean (UN SDG),2019,15.47,27.55,72.85,115.87,13.351169413998445,23.77664624147752,62.87218434452403
Latin America and the Caribbean (UN SDG),2022,16.9,49.45,94.22,160.57,10.52500467086006,30.796537335741426,58.678457993398524
Latvia,2019,12.75,25.44,75.79,113.98,11.186173012809263,22.319705211440606,66.49412177575013
Latvia,2020,7.78,18.68,82.5,108.96,7.140234948604992,17.143906020558003,75.71585903083701
Latvia,2021,8.95,15.27,73.08,97.3,9.198355601233299,15.693730729701953,75.10791366906476
Latvia,2022,8.0,18.99,81.97,108.96,7.342143906020558,17.4284140969163,75.22944199706315
Least Developed Countries (LDCs),2019,15.66,23.51,93.66,132.82999999999998,11.789505382820147,17.699314913799597,70.51117970338026
Least Developed Countries (LDCs),2022,12.67,32.24,91.47,136.38,9.29021850711248,23.639829887080218,67.0699516058073
Lebanon,2019,18.54,32.78,124.09,175.41,10.569522832221653,18.68764608631207,70.74283108146628
Lebanon,2022,25.78,29.62,127.84,183.24,14.068980571927527,16.16459288364986,69.76642654442261
Lesotho,2019,14.93,26.4,95.1,136.43,10.943340907425052,19.350582716411342,69.7060763761636
Lesotho,2022,9.7,31.19,89.29,130.18,7.451221385773543,23.95913350745122,68.58964510677524
Liberia,2019,15.49,27.38,101.71,144.57999999999998,10.713791672430489,18.937612394522066,70.34859593304745
Liberia,2022,9.67,31.12,91.95,132.74,7.284917884586409,23.444327256290492,69.2707548591231
Libya,2019,16.14,28.53,78.12,122.79,13.144392865868557,23.234791106767652,63.620816027363794
Libya,2022,21.04,30.69,84.1,135.82999999999998,15.489950673636162,22.594419494956934,61.9156298314069
Liechtenstein,2019,12.65,25.25,70.78,108.68,11.639676113360323,23.233345601766654,65.12697828487302
Liechtenstein,2022,12.46,19.1,82.27,113.83,10.946147764209787,16.779407888957216,72.274444346833
Lithuania,2019,12.41,24.77,73.79,110.97,11.183202667387583,22.32134811210237,66.49544922051005
Lithuania,2020,9.69,1.59,85.66,96.94,9.99587373633175,1.6401898081287396,88.3639364555395
Lithuania,2021,12.18,1.67,86.69,100.54,12.114581261189574,1.6610304356475032,86.22438830316291
Lithuania,2022,10.0,2.0,86.0,98.0,10.204081632653061,2.0408163265306123,87.75510204081633
Luxembourg,2019,7.15,20.76,88.63,116.54,6.135232538184314,17.813626222756135,76.05114123905953
Luxembourg,2020,13.52,13.86,90.8,118.18,11.440176002707734,11.727872736503638,76.83195126078863
Luxembourg,2021,13.86,14.81,73.09,101.76,13.620283018867923,14.553852201257861,71.82586477987421
Luxembourg,2022,14.05,14.05,91.34,119.44,11.763228399196251,11.763228399196251,76.47354320160751
Macao,2019,12.36,24.67,68.9,105.93,11.668082696120079,23.288964410459737,65.04295289342018
Macao,2022,13.84,24.88,76.26,114.98,12.03687597843103,21.638545834058096,66.32457818751088
Madagascar,2019,15.32,27.08,100.59,142.99,10.714035946569691,18.938387299811176,70.34757675361914
Madagascar,2022,9.68,31.14,91.99,132.81,7.288607785558317,23.447029591145245,69.26436262329644
Malawi,2019,15.44,27.3,101.4,144.14,10.711807964478979,18.93991952268628,70.34827251283475
Malawi,2022,9.68,31.14,92.02,132.84,7.286961758506473,23.441734417344172,69.27130382414934
Malaysia,2019,76.76,87.23,89.06,253.05,30.33392610156096,34.47144833036949,35.19462556806955
Malaysia,2022,78.82,49.53,81.17,209.52,37.61932035127911,23.639747995418098,38.74093165330279
Maldives,2019,16.46,29.1,74.7,120.26,13.687011475137204,24.19757192749044,62.115416597372366
Maldives,2022,20.89,33.59,205.96,260.44,8.021041314698204,12.897404392566427,79.08155429273538
Mali,2019,14.95,26.43,98.15,139.53,10.714541675625313,18.94216297570415,70.34329534867054
Mali,2022,9.68,31.13,91.98,132.79000000000002,7.289705550116725,23.443030348670828,69.26726410121243
Malta,2019,11.2,22.36,112.8,146.36,7.6523640338890395,15.277398196228475,77.07023776988248
Malta,2020,7.59,44.66,91.65,143.9,5.27449617790132,31.035441278665736,63.690062543432944
Malta,2022,7.95,44.72,91.43,144.10000000000002,5.517002081887577,31.03400416377515,63.44899375433726
Marshall Islands,2019,20.56,36.35,99.53,156.44,13.14241881871644,23.235745333674256,63.62183584760931
Marshall Islands,2022,20.25,29.54,60.78,110.57,18.314190105815324,26.71610744324862,54.96970245093606
Martinique,2022,14.5,22.97,95.23,132.7,10.926902788244162,17.309721175584023,71.76337603617182
Mauritania,2019,16.15,28.54,102.81,147.5,10.94915254237288,19.34915254237288,69.70169491525424
Mauritania,2022,9.69,31.16,89.2,130.05,7.450980392156861,23.960015378700497,68.58900422914263
Mauritius,2019,12.55,25.05,91.51,129.11,9.720393462938578,19.402060258694135,70.87754627836728
Mauritius,2022,15.37,30.93,90.35,136.64999999999998,11.247713135748263,22.634467618002198,66.11781924624955
Mayotte,2022,14.57,23.09,93.64,131.3,11.096725057121096,17.585681645087583,71.31759329779132
Mexico,2019,87.94,28.2,95.77,211.91,41.49874946911425,13.307536218205843,45.19371431267991
Mexico,2022,45.48,64.39,104.85,214.72,21.18107302533532,29.987891207153506,48.831035767511175
Mexico,2018,14.727992565055764,88.7,88.7,192.12799256505576,7.665719278292451,46.16714036085378,46.16714036085378
Micronesia (country),2019,15.98,28.25,92.99,137.22,11.645532721177672,20.587377933245882,67.76708934557645
Micronesia (country),2022,9.32,30.0,36.83,76.15,12.239001969796453,39.395929087327644,48.3650689428759
Moldova,2019,20.34,35.95,98.86,155.15,13.109893651305187,23.171124718014827,63.718981630679984
Moldova,2022,13.57,17.2,70.6,101.37,13.386603531616847,16.967544638453187,69.64585182992995
Monaco,2019,13.49,26.93,75.48,115.9,11.639344262295081,23.235547886108712,65.12510785159621
Monaco,2022,13.44,20.59,88.72,122.75,10.94908350305499,16.773930753564155,72.27698574338085
Mongolia,2019,15.61,27.59,77.39,120.59,12.94468861431296,22.87917737789203,64.176134007795
Mongolia,2022,12.01,30.0,17.76,59.77,20.093692487870168,50.192404216161954,29.71390329596788
Montenegro,2019,15.58,27.54,82.47,125.59,12.405446293494704,21.928497491838524,65.66605621466677
Montenegro,2022,14.78,24.65,86.19,125.62,11.765642413628402,19.62267154911638,68.61168603725521
Montserrat,2022,0.0,0.0,0.0,0.0,,,
Morocco,2019,15.71,27.78,91.44,134.93,11.643074186615282,20.588453272067,67.76847254131772
Morocco,2022,9.68,31.14,112.65,153.47,6.3074216459242844,20.29061054277709,73.40196781129863
Mozambique,2019,15.68,27.72,102.97,146.37,10.712577714012433,18.938307030129124,70.34911525585844
Mozambique,2022,9.68,31.14,92.0,132.82,7.288059027254931,23.445264267429604,69.26667670531546
Myanmar,2019,15.94,28.17,87.97,132.07999999999998,12.068443367655968,21.32798304058147,66.60357359176258
Myanmar,2022,44.25,40.33,77.93,162.51,27.229093594240357,24.816934342502,47.95397206325765
Namibia,2019,15.95,28.19,93.74,137.88,11.56803017116333,20.445314766463593,67.98665506237307
Namibia,2022,15.38,30.95,90.42,136.75,11.246800731261427,22.63254113345521,66.12065813528336
Nauru,2019,11.4,22.76,70.05,104.21,10.939449189137319,21.84051434603205,67.22003646483063
Nauru,2022,10.38,16.25,47.24,73.87,14.051712467848922,21.99810477866522,63.95018275348585
Nepal,2019,15.52,27.43,78.02,120.97,12.829627180292636,22.67504339918988,64.49532942051748
Nepal,2022,9.68,32.49,92.7,134.87,7.177281826944465,24.089864313783643,68.7328538592719
Netherlands,2019,10.83,25.18,49.23,85.24,12.705302674800564,29.54012200844674,57.7545753167527
Netherlands,2020,12.03,4.76,58.72,75.50999999999999,15.931664680174812,6.303800821083301,77.7645344987419
Netherlands,2021,11.99,4.74,48.43,65.16,18.40085942295887,7.274401473296502,74.32473910374463
Netherlands,2022,12.0,5.0,58.99,75.99000000000001,15.791551519936831,6.579813133307014,77.62863534675614
New Caledonia,2019,12.7,25.34,77.98,116.02,10.946388553697638,21.841061885881746,67.21254956042063
New Caledonia,2022,13.15,20.59,86.96,120.7,10.894780447390223,17.058823529411764,72.046396023198
New Zealand,2019,3.01,24.66,58.84,86.51,3.479366547219974,28.505375101144377,68.01525835163564
New Zealand,2022,3.12,39.45,61.06,103.63,3.0107111840200718,38.068126990253795,58.921161825726145
Nicaragua,2019,15.36,27.16,78.66,121.18,12.675358970127082,22.41293942894867,64.91170160092425
Nicaragua,2022,13.33,47.78,90.17,151.28,8.811475409836065,31.58381808566896,59.60470650449498
Niger,2019,15.55,27.49,102.11,145.15,10.713055459869102,18.939028591112642,70.34791594901826
Niger,2022,9.68,31.14,92.01,132.83,7.287510351577203,23.44349920951592,69.26899043890687
Nigeria,2019,15.46,27.33,186.62,229.41,6.739026197637418,11.913168562835098,81.34780523952749
Nigeria,2022,9.68,31.14,113.44,154.26,6.275119927395306,20.18669778296383,73.53818228964087
Niue,2022,0.0,0.0,0.0,0.0,,,
North Korea,2019,15.59,27.55,80.39,123.53,12.620416093256697,22.302274751072616,65.07730915567068
North Korea,2022,12.0,29.98,80.74,122.72,9.778357235984354,24.42959582790091,65.79204693611473
North Macedonia,2019,15.41,27.25,81.58,124.24,12.403412749517065,21.933354797166775,65.66323245331617
North Macedonia,2022,14.69,24.5,85.65,124.84,11.767061839154117,19.62512015379686,68.60781800704902
Northern Africa (UN),2019,15.6,27.0,91.47,134.07,11.635712687402105,20.13873349742672,68.22555381517118
Northern Africa (UN),2022,9.99,31.11,136.76,177.86,5.616777240526257,17.49128528055774,76.89193747891599
Northern Africa and Western Asia (UN SDG),2019,16.34,26.7,96.72,139.76,11.691471093302805,19.104178591871783,69.20435031482542
Northern Africa and Western Asia (UN SDG),2022,20.06,29.67,124.68,174.41000000000005,11.50163408061464,17.01163924086921,71.48672667851612
Northern America (UN),2019,15.36,58.86,60.85,135.07,11.371881246760939,43.57740430887688,45.050714444362185
Northern America (UN),2022,13.69,74.32,73.62,161.63,8.469962259481532,45.98156282868279,45.548474911835676
Northern Mariana Islands,2019,14.7,29.34,90.28,134.32,10.944014294222752,21.843359142346635,67.21262656343062
Northern Mariana Islands,2022,13.27,20.77,60.39,94.43,14.052737477496557,21.995128666737262,63.95213385576617
Norway,2019,13.85,4.99,79.25,98.09,14.119686002650624,5.08716484860842,80.79314914874095
Norway,2020,11.39,18.13,78.05,107.57,10.588454029933999,16.854141489262805,72.5574044808032
Norway,2021,12.81,17.5,75.39,105.7,12.119205298013245,16.556291390728475,71.32450331125828
Norway,2022,10.99,17.99,77.94,106.92,10.278713056490835,16.825664047886267,72.89562289562289
Oceania (UN SDG),2019,10.45,23.15,93.21,126.81,8.240675025628894,18.255658071130036,73.50366690324105
Oceania (UN SDG),2022,15.79,47.62,90.06,153.47,10.288655763341369,31.028865576334137,58.6824786603245
Oman,2019,13.85,27.64,102.18,143.67000000000002,9.640147560381427,19.238532748660123,71.12131969095844
Oman,2022,27.54,24.37,98.64,150.55,18.2929259382265,16.187313184988376,65.51976087678511
Pakistan,2019,15.17,26.82,71.42,113.41,13.376245480998147,23.64870822678776,62.975046292214095
Pakistan,2022,9.68,32.48,130.41,172.57,5.609317957930116,18.82134785883989,75.56933418323
Palau,2019,12.87,25.69,79.06,117.62,10.94201666383268,21.841523550416596,67.21645978575073
Palau,2022,23.31,34.01,69.96,127.28,18.313953488372093,26.720615964802008,54.965430546825885
Palestine,2019,15.87,28.05,102.16,146.07999999999998,10.863910186199345,19.201807228915666,69.934282584885
Palestine,2022,31.46,29.4,101.88,162.74,19.33144893695465,18.065626152144524,62.60292491090082
Panama,2019,12.85,25.65,74.16,112.66,11.406000355050596,22.76761938576247,65.82638025918693
Panama,2022,15.06,42.5,101.02,158.57999999999998,9.496783957623913,26.80035313406483,63.70286290831126
Papua New Guinea,2019,14.38,25.43,83.71,123.52,11.641839378238343,20.587759067357513,67.77040155440415
Papua New Guinea,2022,9.68,31.13,89.05,129.86,7.454181426151239,23.97196981364546,68.57384876020328
Paraguay,2019,16.87,29.83,78.14,124.84,13.513297020185838,23.894585068888176,62.59211791092598
Paraguay,2022,19.0,47.54,91.33,157.87,12.035218850953315,30.113384430227402,57.85139671881928
Peru,2019,15.49,27.38,71.74,114.61,13.515400052351453,23.88971293953407,62.594887008114476
Peru,2022,19.01,47.55,87.63,154.19,12.32894480835333,30.838575783124718,56.832479408521955
Philippines,2019,15.32,27.08,84.57,126.97,12.065842324958652,21.32787272584075,66.60628494920059
Philippines,2022,44.25,40.33,25.57,110.15,40.17249205628688,36.61370857921016,23.21379936450295
Poland,2019,12.61,25.17,55.06,92.84,13.582507539853511,27.111158983196898,59.30633347694959
Poland,2020,8.34,4.95,59.23,72.52,11.500275785990071,6.825703254274683,81.67402095973524
Poland,2021,9.02,4.87,60.06,73.95,12.197430696416497,6.58553076402975,81.21703853955376
Poland,2022,8.0,5.0,60.0,73.0,10.95890410958904,6.8493150684931505,82.1917808219178
Portugal,2019,12.73,25.41,83.75,121.89,10.443842809090164,20.846665025842974,68.70949216506686
Portugal,2020,20.8,15.67,123.67,160.14,12.98863494442363,9.785187960534532,77.22617709504185
Portugal,2021,21.85,15.83,124.92,162.6,13.43788437884379,9.735547355473555,76.82656826568265
Portugal,2022,21.0,23.0,123.99,167.99,12.500744091910232,13.691291148282636,73.80796475980712
Puerto Rico,2019,11.41,22.78,65.85,100.04,11.405437824870052,22.770891643342665,65.82367053178727
Puerto Rico,2022,15.05,42.46,87.96,145.47,10.34577576132536,29.188148759194338,60.466075479480295
Qatar,2019,12.92,25.8,95.37,134.09,9.635319561488553,19.24080841226042,71.12387202625102
Qatar,2022,27.57,24.39,93.07,145.03,19.009860028959523,16.817210232365717,64.17292973867475
Reunion,2022,14.34,22.72,92.15,129.21,11.098212212677035,17.583778345329307,71.31800944199365
Romania,2019,12.71,25.36,69.3,107.37,11.837571016112507,23.61926050107106,64.54316848281643
Romania,2022,9.63,12.16,67.35,89.13999999999999,10.803230872784386,13.641462867399598,75.55530625981602
Russia,2019,13.73,27.67,33.41,74.81,18.353161342066567,36.987033819008154,44.65980483892527
Russia,2022,13.72,8.43,33.37,55.52,24.711815561959654,15.183717579250718,60.10446685878962
Rwanda,2019,15.39,27.2,161.7,204.29,7.533408390033776,13.314405991482698,79.15218561848353
Rwanda,2022,9.68,31.14,140.65,181.47,5.334215021766683,17.159861134071747,77.50592384416157
Saint Barthlemy,2022,13.13,20.81,86.24,120.18,10.925278748543851,17.3156931269762,71.75902812447994
Saint Helena,2022,26.79,42.46,172.19,241.44,11.095924453280318,17.586149768058316,71.31792577866136
Saint Kitts and Nevis,2019,14.18,28.3,81.8,124.28,11.409719987125845,22.771161892500803,65.81911812037335
Saint Kitts and Nevis,2022,15.8,44.58,92.35,152.73,10.345053362142345,29.188764486348457,60.466182151509194
Saint Lucia,2019,16.01,28.3,74.14,118.45,13.516251582946392,23.89193752638244,62.59181089067118
Saint Lucia,2022,19.02,47.58,91.41,158.01,12.03721283463072,30.112018226694516,57.85076893867477
Saint Martin (French part),2019,14.7,29.34,84.81,128.85,11.40861466821886,22.770663562281722,65.82072176949943
Saint Martin (French part),2022,14.21,40.1,83.06,137.37,10.344325544150834,29.19123534978525,60.464439106063914
Saint Pierre and Miquelon,2022,24.56,38.93,129.31,192.8,12.738589211618256,20.191908713692943,67.06950207468878
Saint Vincent and the Grenadines,2019,16.49,29.14,76.35,121.98,13.51860960813248,23.889162157730777,62.59222823413674
Saint Vincent and the Grenadines,2022,18.28,45.74,87.87,151.89,12.035025347290805,30.11389821581408,57.851076436895134
Samoa,2019,14.55,25.72,70.42,110.69,13.144818863492638,23.236064685156745,63.61911645135062
Samoa,2022,9.57,30.8,84.8,125.17,7.645601981305425,24.606535112247343,67.74786290644724
San Marino,2019,12.71,25.36,83.59,121.66,10.447147788919942,20.844977807003122,68.70787440407695
San Marino,2022,9.6,17.36,73.51,100.47,9.55509107196178,17.27878968846422,73.16611923957402
Sao Tome and Principe,2019,15.68,27.71,99.82,143.20999999999998,10.948956078486141,19.34920745757978,69.70183646393409
Sao Tome and Principe,2022,9.79,31.5,90.15,131.44,7.448265368228848,23.965307364576994,68.58642726719417
Saudi Arabia,2019,18.8,24.46,100.32,143.57999999999998,13.09374564702605,17.03579885777964,69.87045549519432
Saudi Arabia,2022,19.65,24.35,104.88,148.88,13.198549167114454,16.355454056958628,70.44599677592693
Senegal,2019,15.93,28.16,101.43,145.52,10.946948873007145,19.351291918636612,69.70175920835624
Senegal,2022,9.68,31.14,76.72,117.54,8.235494299812828,26.493108728943337,65.27139697124382
Serbia,2019,18.54,7.11,98.12,123.77,14.979397269128222,5.74452613718995,79.27607659368184
Serbia,2022,3.11,11.62,108.08,122.81,2.5323670710854165,9.46177021415194,88.00586271476264
Seychelles,2019,11.99,23.94,87.46,123.39,9.717156981927223,19.40189642596645,70.88094659210633
Seychelles,2022,11.72,26.56,187.54,225.82,5.189974315826765,11.761580019484546,83.04844566468869
Sierra Leone,2019,15.19,26.85,99.71,141.75,10.716049382716049,18.941798941798943,70.34215167548501
Sierra Leone,2022,9.68,31.15,92.04,132.87,7.285316474749755,23.443967788063517,69.27071573718673
Singapore,2019,12.68,25.3,79.33,117.31,10.808967692438836,21.56678885005541,67.62424345750576
Singapore,2022,46.02,35.08,68.47,149.57,30.768202179581472,23.453901183392393,45.777896637026146
Sint Maarten (Dutch part),2019,12.64,25.23,72.92,110.79,11.408971928874447,22.772813430815056,65.81821464031049
Sint Maarten (Dutch part),2022,13.64,38.47,79.7,131.81,10.348228510735149,29.18594947272589,60.465822016538965
Slovakia,2019,12.82,25.58,69.91,108.31,11.836395531345213,23.61739451574185,64.54620995291293
Slovakia,2020,2.9,1.3,65.36,69.56,4.1690626797009775,1.868890166762507,93.9620471535365
Slovakia,2021,3.24,1.65,66.47,71.36,4.540358744394619,2.312219730941704,93.14742152466367
Slovakia,2022,3.0,1.0,64.96,68.96,4.3503480278422275,1.4501160092807426,94.19953596287704
Slovenia,2019,6.58,19.76,33.65,59.99,10.968494749124853,32.93882313718953,56.09268211368561
Slovenia,2020,7.22,20.15,35.31,62.68,11.518825781748564,32.147415443522654,56.33375877472878
Slovenia,2021,6.83,18.84,35.56,61.23,11.154662747019435,30.76923076923077,58.076106483749804
Slovenia,2022,7.0,20.0,36.0,63.0,11.11111111111111,31.746031746031743,57.14285714285714
Small Island Developing States (SIDS),2019,14.48,25.74,76.65,116.87,12.389834859245315,22.024471635150164,65.58569350560452
Small Island Developing States (SIDS),2022,17.68,39.9,95.51,153.09,11.548762166046115,26.06310013717421,62.38813769677968
Solomon Islands,2019,15.52,27.44,90.32,133.28,11.644657863145259,20.58823529411765,67.76710684273709
Solomon Islands,2022,9.62,30.95,43.14,83.71000000000001,11.492055907299006,36.97288257078007,51.53506152192091
Somalia,2019,15.11,26.72,99.23,141.06,10.71175386360414,18.94229405926556,70.3459520771303
Somalia,2022,9.68,31.14,92.01,132.83,7.287510351577203,23.44349920951592,69.26899043890687
South Africa,2019,15.77,27.87,40.1,83.74000000000001,18.83209935514688,33.28158586099833,47.886314783854786
South Africa,2022,15.36,30.92,47.08,93.36,16.452442159383033,33.119108826049704,50.42844901456726
South Korea,2019,12.67,25.28,70.61,108.56,11.670965364775238,23.286661753868827,65.04237288135593
South Korea,2022,13.74,24.71,94.97,133.42000000000002,10.298306101034328,18.520461699895066,71.18123219907059
South Sudan,2019,16.56,29.27,108.73,154.56,10.714285714285714,18.93762939958592,70.34808488612838
South Sudan,2022,9.68,31.13,91.97,132.78,7.290254556409098,23.44479590299744,69.26494954059346
Spain,2019,12.7,25.36,76.68,114.74,11.068502701760503,22.102143977688687,66.82935332055082
Spain,2020,7.35,4.5,30.29,42.14,17.441860465116278,10.678690080683435,71.87944945420028
Spain,2022,7.0,4.0,60.88,71.88,9.738452977184195,5.564830272676684,84.69671675013913
Sri Lanka,2019,15.4,27.23,74.72,117.35,13.12313591819344,23.2040903280784,63.672773753728166
Sri Lanka,2022,9.68,32.48,75.86,118.02,8.201999661074394,27.52075919335706,64.27724114556855
Sub-Saharan Africa (UN SDG),2019,15.39,27.42,114.24,157.05,9.79942693409742,17.45940783190067,72.7411652340019
Sub-Saharan Africa (UN SDG),2022,10.07,31.12,91.18,132.37,7.607463926871648,23.509858729319333,68.88267734380902
Sudan,2019,15.49,27.38,96.28,139.15,11.13187208048868,19.676607977003233,69.19151994250808
Sudan,2022,9.68,31.13,115.51,156.32,6.1924257932446265,19.914278403275333,73.89329580348006
Suriname,2019,15.15,26.78,70.15,112.08,13.51713062098501,23.89364739471806,62.58922198429694
Suriname,2022,19.07,47.7,91.63,158.4,12.039141414141413,30.113636363636363,57.847222222222214
Sweden,2019,9.77,20.04,79.17,108.98,8.964947696825105,18.388695173426314,72.64635712974858
Sweden,2020,11.28,9.45,61.24,81.97,13.761132121507869,11.52860802732707,74.71025985116506
Sweden,2021,10.32,9.36,59.14,78.82,13.093123572697287,11.875158589190562,75.03171783811217
Sweden,2022,9.0,9.0,61.0,79.0,11.39240506329114,11.39240506329114,77.21518987341773
Switzerland,2019,12.83,40.07,71.81,124.71,10.287867853419936,32.13054285943389,57.58158928714619
Switzerland,2022,17.5,30.75,119.2,167.45,10.450880859958197,18.363690653926547,71.18542848611527
Syria,2019,13.28,23.48,88.16,124.92,10.6308037143772,18.796029458853667,70.57316682676912
Syria,2022,25.79,29.63,171.66,227.08,11.357230931830191,13.048264928659503,75.59450413951029
Tajikistan,2019,15.61,27.6,97.06,140.27,11.128537819918726,19.676338490054892,69.19512369002638
Tajikistan,2022,9.68,31.13,85.69,126.5,7.652173913043478,24.60869565217391,67.7391304347826
Tanzania,2019,15.15,26.79,115.37,157.31,9.63066556480834,17.030068018562076,73.33926641662958
Tanzania,2022,9.68,31.14,152.07,192.89,5.018404271864794,16.14391622168075,78.83767950645446
Thailand,2019,15.27,27.0,76.83,119.1,12.821158690176324,22.670025188916878,64.5088161209068
Thailand,2022,49.93,40.12,86.2,176.25,28.329078014184393,22.763120567375886,48.90780141843972
Togo,2019,15.34,27.11,100.69,143.14,10.716780774067347,18.939499790414978,70.34371943551768
Togo,2022,9.68,31.14,92.01,132.83,7.287510351577203,23.44349920951592,69.26899043890687
Tokelau,2022,0.0,0.0,0.0,0.0,,,
Tonga,2019,15.57,27.53,75.39,118.49,13.14034939657355,23.23402818803275,63.625622415393714
Tonga,2022,21.66,31.6,90.68,143.94,15.04793664026678,21.953591774350425,62.99847158538281
Trinidad and Tobago,2019,11.76,23.47,67.84,103.07,11.40972154846221,22.770932376055107,65.81934607548268
Trinidad and Tobago,2022,15.05,42.46,87.96,145.47,10.34577576132536,29.188148759194338,60.466075479480295
Tunisia,2019,15.18,26.83,88.34,130.35,11.645569620253164,20.583045646336785,67.77138473341006
Tunisia,2022,9.68,31.15,171.72,212.55,4.554222535873912,14.65537520583392,80.79040225829216
Turkey,2019,15.63,27.63,92.99,136.25,11.471559633027525,20.278899082568806,68.24954128440368
Turkey,2022,31.46,29.4,101.88,162.74,19.33144893695465,18.065626152144524,62.60292491090082
Turkmenistan,2019,15.09,26.68,73.05,114.82,13.142309702142486,23.236369970388434,63.621320327469085
Turkmenistan,2022,21.04,30.7,88.08,139.82,15.047918752682019,21.95680160205979,62.995279645258194
Turks and Caicos Islands,2019,11.36,22.67,65.55,99.58,11.407913235589476,22.765615585458928,65.82647117895159
Turks and Caicos Islands,2022,16.47,46.49,96.3,159.26,10.341579806605552,29.19125957553686,60.467160617857594
Tuvalu,2019,16.56,29.27,80.16,125.99,13.143900309548377,23.23200253988412,63.62409715056751
Tuvalu,2022,18.6,27.14,77.88,123.62,15.046109043844039,21.954376314512213,62.99951464164374
Uganda,2019,16.12,28.5,105.85,150.47,10.713098956602646,18.940652621785073,70.34624842161227
Uganda,2022,9.68,31.14,110.25,151.07,6.407625604024625,20.612960879062687,72.9794135169127
Ukraine,2019,15.56,27.51,75.66,118.73,13.105365114124485,23.170218142002863,63.724416743872645
Ukraine,2022,7.9,17.44,69.47,94.81,8.332454382449109,18.39468410505221,73.27286151249868
United Arab Emirates,2019,13.59,27.12,100.27,140.98,9.639665200737694,19.23677117321606,71.12356362604625
United Arab Emirates,2022,27.51,24.34,98.55,150.4,18.29122340425532,16.18351063829787,65.5252659574468
United Kingdom,2019,4.25,16.69,77.87,98.81,4.301184090679081,16.891002934925616,78.8078129743953
United Kingdom,2022,3.5,16.2,75.5,95.2,3.6764705882352944,17.016806722689072,79.30672268907563
United States,2019,17.09,66.31,71.94,155.34,11.001673747907814,42.687009141238576,46.31131711085361
United States,2022,11.86,73.72,73.06,158.64,7.476046394351993,46.469994957135654,46.05395864851236
United States Virgin Islands,2019,13.29,26.53,76.69,116.51,11.406746202042742,22.77057763282122,65.82267616513604
United States Virgin Islands,2022,15.14,42.72,88.5,146.36,10.344356381525007,29.18830281497677,60.46734080349822
Uruguay,2019,12.94,25.82,74.64,113.4,11.410934744268078,22.7689594356261,65.82010582010581
Uruguay,2022,15.05,42.46,87.95,145.46,10.346487006737247,29.190155369173652,60.4633576240891
Uzbekistan,2019,15.64,27.65,91.03,134.32,11.643835616438357,20.585169743895175,67.77099463966647
Uzbekistan,2022,9.68,31.14,85.72,126.54,7.64975501817607,24.608819345661452,67.74142563616248
Vanuatu,2019,15.41,27.24,89.67,132.32,11.646009673518744,20.58645707376058,67.76753325272068
Vanuatu,2022,9.77,31.45,142.89,184.11,5.306610178697517,17.082179132040626,77.61121068926184
Vatican,2022,0.0,0.0,0.0,0.0,,,
Venezuela,2019,15.39,27.21,71.29,113.89,13.513038897181492,23.891474229519712,62.5954868732988
Venezuela,2022,14.4,22.82,92.82,130.04,11.073515841279608,17.5484466318056,71.3780375269148
Vietnam,2019,15.75,27.85,76.71,120.31,13.09118111545175,23.148532956528967,63.76028592801928
Vietnam,2022,44.25,40.34,72.11,156.7,28.238672622846206,25.743458838544996,46.01786853860881
Wallis and Futuna,2022,12.44,19.72,74.49,106.65,11.664322550398499,18.490389123300513,69.84528832630097
Western Sahara,2022,14.5,22.98,140.55,178.03000000000003,8.14469471437398,12.907936864573385,78.94736842105262
World,2019,15.32,31.39,73.77,120.48,12.715803452855246,26.054116865869855,61.230079681274894
World,2022,16.45,36.34,79.12,131.91000000000005,12.470623910241827,27.54908649837009,59.98028959138805
Yemen,2019,14.46,25.56,95.95,135.97,10.634698830624403,18.79826432301243,70.56703684636318
Yemen,2022,25.78,29.62,103.57,158.97,16.216896269736427,18.6324463735296,65.15065735673397
Zambia,2019,15.2,26.87,75.72,117.79,12.904321249681635,22.811783682825368,64.28389506749299
Zambia,2022,9.68,31.14,77.93,118.75,8.15157894736842,26.223157894736843,65.62526315789474
Zimbabwe,2019,14.92,26.37,94.99,136.28,10.948048136190197,19.349867918990316,69.70208394481948
Zimbabwe,2022,8.39,31.14,48.48,88.00999999999999,9.533007612771277,35.38234291557778,55.08464947165095
